username,user id,access hash,group,group id
,1677298887,6849818782014472116,Darknet israel ğŸ‡®ğŸ‡±,1523334053
,1130130041,-6385493872785284379,Darknet israel ğŸ‡®ğŸ‡±,1523334053
,961939638,-9059948866928418580,Darknet israel ğŸ‡®ğŸ‡±,1523334053
,919886829,-991765882615244666,Darknet israel ğŸ‡®ğŸ‡±,1523334053
,1407170521,-4915042830852709800,Darknet israel ğŸ‡®ğŸ‡±,1523334053
,646446781,6026605499651456996,Darknet israel ğŸ‡®ğŸ‡±,1523334053
Piita123456789,1872785303,-8080759471940583521,Darknet israel ğŸ‡®ğŸ‡±,1523334053
,1812855038,-9028260566662948861,Darknet israel ğŸ‡®ğŸ‡±,1523334053
So65468,1473460047,4968022378078579157,Darknet israel ğŸ‡®ğŸ‡±,1523334053
,1270078178,3996963325291795315,Darknet israel ğŸ‡®ğŸ‡±,1523334053
,879226832,5565131219930335293,Darknet israel ğŸ‡®ğŸ‡±,1523334053
,542070395,4944400625291933711,Darknet israel ğŸ‡®ğŸ‡±,1523334053
,2102568323,1163550682470030765,Darknet israel ğŸ‡®ğŸ‡±,1523334053
,2119567412,8118009577645411435,Darknet israel ğŸ‡®ğŸ‡±,1523334053
,718318486,-154578031916490159,Darknet israel ğŸ‡®ğŸ‡±,1523334053
,5278641307,-4103071359043048308,Darknet israel ğŸ‡®ğŸ‡±,1523334053
,695414646,-5488457165821149862,Darknet israel ğŸ‡®ğŸ‡±,1523334053
,354686594,5753775484355653999,Darknet israel ğŸ‡®ğŸ‡±,1523334053
,5050735837,8293294541349207292,Darknet israel ğŸ‡®ğŸ‡±,1523334053
,700968888,5065704948866667275,Darknet israel ğŸ‡®ğŸ‡±,1523334053
,549275262,5537223154481716367,Darknet israel ğŸ‡®ğŸ‡±,1523334053
,1142357357,-8194609602004755880,Darknet israel ğŸ‡®ğŸ‡±,1523334053
,1136988792,-1312870074266515012,Darknet israel ğŸ‡®ğŸ‡±,1523334053
,1098020298,1514374613287656232,Darknet israel ğŸ‡®ğŸ‡±,1523334053
,920545868,-3027200016219782292,Darknet israel ğŸ‡®ğŸ‡±,1523334053
,1176491293,-1982069687834568756,Darknet israel ğŸ‡®ğŸ‡±,1523334053
mohanadt5,798360944,-8324135332497139617,Darknet israel ğŸ‡®ğŸ‡±,1523334053
,1062985988,-260638141378170342,Darknet israel ğŸ‡®ğŸ‡±,1523334053
,814549004,1616051742852341088,Darknet israel ğŸ‡®ğŸ‡±,1523334053
,1385434469,7887521994440326189,Darknet israel ğŸ‡®ğŸ‡±,1523334053
,920538844,-2878261850461827939,Darknet israel ğŸ‡®ğŸ‡±,1523334053
,878945004,3169600442533417490,Darknet israel ğŸ‡®ğŸ‡±,1523334053
,1377947753,-3792602447059708445,Darknet israel ğŸ‡®ğŸ‡±,1523334053
,910304145,3836968223781554883,Darknet israel ğŸ‡®ğŸ‡±,1523334053
,839808112,3717434207971829981,Darknet israel ğŸ‡®ğŸ‡±,1523334053
,1034980155,-4141119683862024993,Darknet israel ğŸ‡®ğŸ‡±,1523334053
,784452611,-5147690257230964086,Darknet israel ğŸ‡®ğŸ‡±,1523334053
Hadarmohtar,547714139,-4857739711375580946,Darknet israel ğŸ‡®ğŸ‡±,1523334053
,1473033901,-4412764931302121479,Darknet israel ğŸ‡®ğŸ‡±,1523334053
,1340590313,-821286985127029150,Darknet israel ğŸ‡®ğŸ‡±,1523334053
Arie_Rubin,1118306863,4482035405296200178,Darknet israel ğŸ‡®ğŸ‡±,1523334053
,947722303,-8989954146359012768,Darknet israel ğŸ‡®ğŸ‡±,1523334053
,229145400,-1024254225779901538,Darknet israel ğŸ‡®ğŸ‡±,1523334053
,863995126,-5100314722126038512,Darknet israel ğŸ‡®ğŸ‡±,1523334053
,631873296,444829178203933198,Darknet israel ğŸ‡®ğŸ‡±,1523334053
,505838723,5556862390182076276,Darknet israel ğŸ‡®ğŸ‡±,1523334053
,657658452,7407885014076157461,Darknet israel ğŸ‡®ğŸ‡±,1523334053
,1608875423,3576626766211135079,Darknet israel ğŸ‡®ğŸ‡±,1523334053
,1068542878,5032414230320346999,Darknet israel ğŸ‡®ğŸ‡±,1523334053
,784010591,8405739011579035598,Darknet israel ğŸ‡®ğŸ‡±,1523334053
,311662094,2669022727810603104,Darknet israel ğŸ‡®ğŸ‡±,1523334053
,1323896022,4016214581399922409,Darknet israel ğŸ‡®ğŸ‡±,1523334053
,1891790673,-3017370560227407685,Darknet israel ğŸ‡®ğŸ‡±,1523334053
,1213194300,-5198887141339224617,Darknet israel ğŸ‡®ğŸ‡±,1523334053
,1126654932,7457623597864951488,Darknet israel ğŸ‡®ğŸ‡±,1523334053
redsea1986,530004276,-115025705879108351,Darknet israel ğŸ‡®ğŸ‡±,1523334053
,1020810152,-3825595146664505965,Darknet israel ğŸ‡®ğŸ‡±,1523334053
,581047440,-584713430096520393,Darknet israel ğŸ‡®ğŸ‡±,1523334053
,585321148,8231958548321151503,Darknet israel ğŸ‡®ğŸ‡±,1523334053
,1071610825,5352533163478021536,Darknet israel ğŸ‡®ğŸ‡±,1523334053
